method,songs,genres,per_genre,accuracy,same_genre_mean,different_genre_mean,mean_gap,elapsed_seconds
Hausdorff,210,14,15,0.1380952380952381,0.4659154743266805,0.4735542061379744,0.007638731811293875,160.51172099998803
DTW,210,14,15,0.047619047619047616,0.1549873868360488,0.15833221088824298,0.0033448240521941897,8.307208600017475
Discrete Frechet,210,14,15,0.03333333333333333,0.6460197574358235,0.6482281907288736,0.002208433293050094,6.429160900006536
